userId,explanation
1,"Here are the explanations for each recommended movie:

1. **Amadeus (1984)**: This movie is suitable for the user due to its historical and musical themes, which align with their interest in ""Mary Poppins"" and ""My Fair Lady"". The film's focus on the life of Mozart and the music of the time period may appeal to the user's appreciation for classic musicals.

2. **Annie Hall (1977)**: This romantic comedy is recommended because of its witty dialogue and character-driven storytelling, which are similar to the user's appreciation for ""Big"" and ""Ferris Bueller's Day Off"". The film's exploration of relationships and self-discovery may resonate with the user.

3. **My Left Foot (1989)**: This biographical drama is suitable for the user due to its historical and inspirational themes, which align with their interest in ""Schindler's List"" and ""Dead Poets Society"". The film's focus on the life of Christy Brown and his determination to overcome adversity may appeal to the user's appreciation for underdog stories.

4. **Rain Man (1988)**: This drama is recommended because of its themes of family, identity, and the complexities of human relationships, which are similar to the user's appreciation for ""E.T."" and ""Sixth Sense"". The film's exploration of the bond between two brothers may resonate with the user.

5. **Saving Private Ryan (1998)**: This war drama is suitable for the user due to its historical and intense themes, which align with their interest in ""Ben-Hur"" and ""Schindler's List"". The film's focus on the horrors of war and the sacrifice of soldiers may appeal to the user's appreciation for dramatic and thought-provoking films.

6. **Field of Dreams (1989)**: This fantasy drama is recommended because of its themes of family, identity, and the power of imagination, which are similar to the user's appreciation for ""The Secret Garden"" and ""Dead Poets Society"". The film's exploration of the connection between a father and son may resonate with the user.

7. **Good Will Hunting (1997)**: This drama is suitable for the user due to its themes of family, identity, and the complexities of human relationships, which align with their interest in ""Dead Poets Society"" and ""E.T."". The film's exploration of the bond between two men may resonate with the user.

8. **Sophie's Choice (1982)**: This drama is recommended because of its themes of family, identity, and the complexities of human relationships, which are similar to the user's appreciation for ""E.T."" and ""Sixth Sense"". The film's exploration of the bond between two women may resonate with the user.

9. **Schindler's List (1993)**: This historical drama is suitable for the user due to its themes of historical events, human suffering, and the complexities of human relationships, which align with their interest in ""Ben-Hur"" and ""Dead Poets Society"". The film's focus on the true story of Oskar Schindler and his efforts to save Jewish lives during the Holocaust may appeal to the user's appreciation for dramatic and thought-provoking films.

10. **E.T. the Extra-Terrestrial (1982)**: This science fiction film is recommended because of its themes of family, identity, and the complexities of human relationships, which are similar to the user's appreciation for ""E.T."" and ""Sixth Sense"". The film's exploration of the bond between two children and an alien may resonate with the user."
2,"Based on the user's movie preferences, here are the explanations for each recommended movie:

1. **True Lies (1994)**: This action-comedy film, starring Arnold Schwarzenegger and Jamie Lee Curtis, matches the user's taste for action-packed movies with a touch of humor, similar to ""Die Hard 2"" and ""Mission: Impossible"".

2. **Speed (1994)**: This thriller, starring Keanu Reeves and Sandra Bullock, is suitable for the user due to its fast-paced action and suspenseful plot, which is reminiscent of ""Die Hard"" and ""Under Siege"".

3. **Rock, the (1996)**: This action film, starring Nicolas Cage, matches the user's preference for intense action movies with a strong lead performance, similar to ""Ronin"" and ""Con Air"".

4. **Face/Off (1997)**: This action thriller, starring John Travolta and Nicolas Cage, is suitable for the user due to its high-octane action and intense performances, which is similar to ""Die Hard: With a Vengeance"" and ""Payback"".

5. **Lethal Weapon (1987)**: This buddy cop film, starring Mel Gibson and Danny Glover, is a classic action movie that matches the user's taste for intense action and suspense, similar to ""Die Hard 2"" and ""U.S. Marshalls"".

6. **Cliffhanger (1993)**: This action film, starring Sylvester Stallone, matches the user's preference for intense action movies with a strong lead performance, similar to ""Ronin"" and ""Con Air"".

7. **Bad Boys (1995)**: This action comedy, starring Will Smith and Martin Lawrence, is suitable for the user due to its fast-paced action and humorous tone, which is reminiscent of ""Mission: Impossible"" and ""Getaway"".

8. **Demolition Man (1993)**: This sci-fi action film, starring Sylvester Stallone, matches the user's taste for action-packed movies with a touch of humor, similar to ""Die Hard"" and ""Mission: Impossible""."
3,"Here are the explanations for each recommended movie:

1. **Indiana Jones and the Last Crusade (1989)**: This adventure film is suitable for the user due to its blend of action, mystery, and historical themes, all of which are present in their previously watched films like Indiana Jones and the Temple of Doom and The Mask of Zorro.

2. **Romancing the Stone (1984)**: This romantic comedy-adventure film is recommended because it shares a similar tone and style with the user's previous watch of Romancing the Stone is not in the watched list but the user watched Indiana jones and the temple of doom and Evil Dead II (Dead by Dawn), which might have led to the recommendation of a similar tone and style.

3. **Big Trouble in Little China (1986)**: This action-adventure film is suitable for the user due to its blend of action, fantasy, and supernatural elements, all of which are present in their previously watched films like Crocodile Dundee and Ghost and the Darkness.

4. **Rumble in the Bronx, A (1995)**: This martial arts film is recommended because it shares a similar tone and style with the user's previous watch of The Golden Child and The Mummy, which might have led to the recommendation of a similar tone and style.

5. **Road to El Dorado, The (2000)**: This animated adventure film is suitable for the user due to its blend of action, comedy, and fantasy elements, all of which are present in their previously watched films like Toy Story 2 and The Three Musketeers.

6. **Three Amigos (1986)**: This western comedy film is recommended because it shares a similar tone and style with the user's previous watch of Crocodile Dundee and The Three Musketeers, which might have led to the recommendation of a similar tone and style.

7. **Princess Bride, The (1987)**: This fantasy romance film is suitable for the user due to its blend of adventure, comedy, and fantasy elements, all of which are present in their previously watched films like The Princess Bride is not in the watched list but the user watched Evil Dead II (Dead by Dawn) and The Mask of Zorro, which might have led to the recommendation of a similar tone and style.

8. **Trading Places (1983)**: This comedy film is recommended because it shares a similar tone and style with the user's previous watch of Animal House and The Golden Child, which might have led to the recommendation of a similar tone and style.

9. **Rumble in the Bronx (1995)**: This martial arts film is suitable for the user due to its blend of action, comedy, and martial arts elements, all of which are present in their previously watched films like The Mummy and The Golden Child.

10. **Body Heat (1981)**: This neo-noir film is recommended because it shares a similar tone and style with the user's previous watch of Edge, The and The Mummy, which might have led to the recommendation of a similar tone and style."
5,"Based on the user's movie preferences, here are the explanations for the recommended movies:

1. **Singles (1992)**: This movie fits the user's taste for 90s independent films, as seen in their preference for ""Love and Death on Long Island"" and ""Orlando"". Singles explores themes of love, relationships, and identity, which align with the user's interests.

2. **Reservoir Dogs (1992)**: As a fan of ""JFK"" and ""A Few Good Men"", the user likely appreciates crime dramas and thrillers. Reservoir Dogs is a crime film with a strong focus on character development and tense plot twists, making it a suitable recommendation.

3. **Mr. Holland's Opus (1995)**: This movie shares a similar tone and themes of ""Pump Up the Volume"" and ""Speed"", both of which the user enjoyed. Mr. Holland's Opus is a heartwarming drama about music, teaching, and personal growth, which aligns with the user's interests.

4. **Apollo 13 (1995)**: Given the user's preference for ""JFK"" and ""Speed"", they likely enjoy action-packed, suspenseful movies. Apollo 13 is a historical drama with intense action sequences and a strong focus on teamwork and survival, making it a suitable recommendation.

5. **Birdcage (1996)**: This movie fits the user's taste for comedies and dramas with a strong focus on character relationships, as seen in their preference for ""Love and Death on Long Island"" and ""Orlando"". Birdcage explores themes of identity, family, and acceptance, which align with the user's interests.

6. **Get Shorty (1995)**: As a fan of ""JFK"" and ""A Few Good Men"", the user likely appreciates crime dramas and thrillers. Get Shorty is a crime comedy with a strong focus on character development and witty dialogue, making it a suitable recommendation.

7. **Goldeneye (1995)**: Given the user's preference for ""Speed"" and ""JFK"", they likely enjoy action-packed, suspenseful movies. Goldeneye is an action-packed spy thriller with a strong focus on action sequences and a complex plot, making it a suitable recommendation.

8. **People vs. Larry Flynt (1996)**: This movie fits the user's taste for dramas and thrillers that explore themes of identity, morality, and personal growth, as seen in their preference for ""JFK"" and ""A Few Good Men"". People vs. Larry Flynt is a biographical drama about the life of Larry Flynt, which aligns with the user's interests.

9. **L.A. Confidential (1997)**: As a fan of ""JFK"" and ""A Few Good Men"", the user likely appreciates crime dramas and thrillers. L.A. Confidential is a neo-noir crime drama with a strong focus on character development and a complex plot, making it a suitable recommendation.

10. **Pi (1998)**: This movie fits the user's taste for independent films and dramas that explore themes of identity, morality, and personal growth, as seen in their preference for ""Love and Death on Long Island"" and ""Orlando"". Pi is a psychological thriller about mathematics and identity, which aligns with the user's interests."
6,"Based on the user's movie preferences, here are the explanations for each recommended movie:

1. **Jumanji (1995)**: This adventure film, like ""Pocahontas"" and ""Hercules"", features an exciting and thrilling storyline. The user might enjoy the sense of danger and the magical elements in this movie.

2. **Big Daddy (1999)**: This family comedy, like ""Pete's Dragon"" and ""Home Alone"" series, features a lighthearted and entertaining storyline with a focus on family relationships. The user might appreciate the humor and heartwarming moments in this film.

3. **Waterworld (1995)**: This post-apocalyptic adventure film, like ""Legends of the Fall"" and ""Wyatt Earp"", features an epic and thrilling storyline with a focus on survival and action. The user might enjoy the sense of adventure and the visual effects in this movie.

4. **Free Willy (1993)**: This family drama, like ""Pete's Dragon"" and ""Home Alone"" series, features a heartwarming and emotional storyline with a focus on friendship and loyalty. The user might appreciate the sentimental value and the themes of responsibility in this film.

5. **The Bodyguard (1992)**: This romantic thriller, like ""Gypsy"" and ""West Side Story"", features a dramatic and intense storyline with a focus on love and protection. The user might enjoy the music, the romance, and the action elements in this movie.

6. **A Kid in King Arthur's Court (1995)**: This family comedy, like ""Pocahontas"" and ""Hercules"", features a lighthearted and entertaining storyline with a focus on time travel and adventure. The user might appreciate the humor and the educational value in this film.

7. **Geronimo (1993)**: This biographical drama, like ""Wyatt Earp"" and ""Legends of the Fall"", features an epic and intense storyline with a focus on historical events and action. The user might enjoy the sense of adventure and the historical elements in this movie.

8. **Home Alone (1990)**: This family comedy, like ""Pete's Dragon"" and ""Home Alone"" series, features a lighthearted and entertaining storyline with a focus on family relationships and adventure. The user might appreciate the humor and the heartwarming moments in this film.

9. **Home Alone 2: Lost in New York (1992)**: This family comedy, like ""Pete's Dragon"" and ""Home Alone"" series, features a lighthearted and entertaining storyline with a focus on family relationships and adventure. The user might enjoy the humor and the heartwarming moments in this sequel.

10. **The Princess Bride (1987)**: This fantasy romance, like ""Pocahontas"" and ""Hercules"", features a lighthearted and entertaining storyline with a focus on adventure, love, and friendship. The user might appreciate the humor, the romance, and the themes of loyalty in this classic film."
7,"Based on the user's movie preferences, here are the explanations for the recommended movies:

1. **American Beauty (1999)**: This dark comedy-drama, like **Jurassic Park** and **Terminator 2: Judgment Day**, explores themes of suburban life, identity, and the American Dream. Its complex characters and satirical tone make it a suitable match.

2. **Apollo 13 (1995)**: As a fan of **Mission: Impossible**, the user might appreciate this gripping drama about a real-life space mission. The film's suspenseful storytelling, strong characters, and historical context make it a fitting recommendation.

3. **Interview with the Vampire (1994)**: This gothic horror film, like **Exorcist, The**, explores themes of darkness, mortality, and the supernatural. Its atmospheric setting, complex characters, and philosophical themes make it a suitable match.

4. **A Few Good Men (1992)**: This courtroom drama, like **Jurassic Park** and **Terminator 2: Judgment Day**, features strong characters, suspenseful storytelling, and themes of justice and morality. Its intense and thought-provoking nature make it a fitting recommendation.

5. **Erin Brockovich (2000)**: As a fan of **Gladiator** and **X-Men**, the user might appreciate this biographical drama about a real-life heroine. The film's strong characters, inspiring story, and themes of justice and empowerment make it a suitable match.

6. **Fight Club (1999)**: This psychological thriller, like **Terminator 2: Judgment Day** and **Matrix, The**, explores themes of identity, consumerism, and rebellion. Its dark and subversive tone, complex characters, and social commentary make it a fitting recommendation.

7. **Amadeus (1984)**: This biographical drama, like **Godfather: Part II, The**, explores themes of art, power, and mortality. Its complex characters, historical context, and operatic tone make it a suitable match.

8. **Goodfellas (1990)**: This crime drama, like **Terminator 2: Judgment Day** and **Demolition Man**, features strong characters, suspenseful storytelling, and themes of loyalty and betrayal. Its intense and thought-provoking nature make it a fitting recommendation.

9. **Platoon (1986)**: This war drama, like **Saving Private Ryan**, explores themes of war, mortality, and the human condition. Its intense and realistic portrayal of conflict make it a suitable match.

10. **Schindlers List (1993)**: This historical drama, like **Gladiator** and **X-Men**, explores themes of survival, redemption, and the human condition. Its powerful and emotional story, strong characters, and historical context make it a fitting recommendation."
8,"Based on the user's movie history, here are the explanations for the recommended movies:

1. **Philadelphia (1993)**: This movie, like ""The General's Daughter"" and ""Beloved"", deals with themes of injustice, corruption, and the struggles of the underprivileged. Tom Hanks' powerful performance and the film's thought-provoking storyline make it a suitable recommendation.

2. **A Few Good Men (1992)**: This film's courtroom drama and themes of loyalty, duty, and the consequences of one's actions align with the user's interest in ""Private Parts"", ""Legends of the Fall"", and ""Dolores Claiborne"". The film's strong cast, including Tom Cruise and Jack Nicholson, also make it an appealing choice.

3. **Scent of a Woman (1992)**: This movie's exploration of themes such as identity, class, and the human condition, similar to ""Prince of Tides"" and ""Godfather: Part III"", make it a suitable recommendation. The film's emotional depth and strong performances from Al Pacino and Chris O'Donnell also contribute to its appeal.

4. **A Perfect World (1993)**: This film's themes of redemption, forgiveness, and the complexities of human relationships, similar to ""Far and Away"" and ""Last Days of Disco"", make it a fitting recommendation. The movie's strong cast, including Kevin Costner and Clint Eastwood, also add to its appeal.

5. **A River Runs Through It (1992)**: This movie's exploration of themes such as family, identity, and the complexities of human relationships, similar to ""The General's Daughter"" and ""Dolores Claiborne"", make it a suitable recommendation. The film's beautiful scenery and strong performances from Brad Pitt and Tom Skerritt also contribute to its appeal.

6. **Sommersby (1993)**: This film's themes of identity, memory, and the complexities of human relationships, similar to ""Prince of Tides"" and ""Dolores Claiborne"", make it a fitting recommendation. The movie's strong cast, including Richard Gere and Jodie Foster, also add to its appeal.

7. **Interview with the Vampire (1994)**: This movie's exploration of themes such as identity, morality, and the human condition, similar to ""Beloved"" and ""Dolores Claiborne"", make it a suitable recommendation. The film's dark and atmospheric tone, combined with its strong cast, including Tom Cruise and Brad Pitt, also contribute to its appeal.

8. **The Rainmaker (1997)**: This film's themes of justice, morality, and the complexities of human relationships, similar to ""Private Parts"" and ""Beloved"", make it a fitting recommendation. The movie's strong cast, including Matt Damon and Claire Danes, also add to its appeal.

9. **Sleepers (1996)**: This movie's exploration of themes such as identity, morality, and the complexities of human relationships, similar to ""Private Parts"" and ""Dolores Claiborne"", make it a suitable recommendation. The film's strong cast, including Robert De Niro and Kevin Bacon, also contribute to its appeal.

10. **Schindler's List (1993)**: This film's exploration of themes such as identity, morality, and the human condition, similar to ""Beloved"" and ""Dolores Claiborne"", make it a suitable recommendation. The movie's powerful and emotional storyline, combined with its strong cast, including Liam Neeson and Ben Kingsley, also contribute to its appeal."
9,"Based on the user's movie preferences, here are the explanations for each recommended movie:

1. **Few Good Men, A (1992)**: This movie, like ""Philadelphia"" and ""My Cousin Vinny,"" deals with themes of justice, morality, and the complexities of human relationships. Its strong cast and gripping storyline make it a suitable choice for fans of drama and courtroom thrillers.

2. **Philadelphia (1993)**: As the user has watched ""Philadelphia,"" it's clear they appreciate films that tackle tough social issues and feature strong performances. This movie shares similar themes and tone, making it a suitable recommendation.

3. **My Cousin Vinny (1992)**: The user has watched ""My Cousin Vinny,"" indicating they enjoy light-hearted, comedic takes on the law and human relationships. This movie's similar blend of humor and drama makes it a suitable recommendation.

4. **Dances with Wolves (1990)**: This movie, like ""Cape Fear"" and ""Jurassic Park,"" features epic storytelling, memorable characters, and a strong sense of drama. Its themes of survival, loyalty, and personal growth make it a suitable choice for fans of adventure and historical dramas.

5. **Pretty Woman (1990)**: The user has watched ""Pretty Woman,"" indicating they enjoy light-hearted, romantic comedies with strong characters and a touch of drama. This movie's similar blend of humor and romance makes it a suitable recommendation.

6. **Cutting Edge, The (1992)**: As the user has watched ""Cutting Edge,"" it's clear they appreciate films that balance romance, drama, and humor. This movie's similar tone and themes make it a suitable choice for fans of romantic comedies.

7. **My Left Foot (1989)**: Although this movie is an older recommendation, its themes of perseverance, family, and personal growth align with the user's interest in ""Age of Innocence"" and ""Big Night."" This film's strong performances and emotional depth make it a suitable choice.

8. **Goodfellas (1990)**: The user has watched ""Cape Fear"" and ""Jurassic Park,"" indicating they enjoy films with strong characters, complex themes, and a sense of drama. ""Goodfellas"" shares similar elements, making it a suitable recommendation.

9. **In the Line of Fire (1993)**: This movie, like ""Quiz Show"" and ""The Truman Show,"" features a strong cast, gripping storyline, and themes of identity, loyalty, and personal growth. Its tense atmosphere and emotional depth make it a suitable choice for fans of thriller and drama films.

10. **Singles (1992)**: As the user has watched ""Swingers"" and ""Three Kings,"" it's clear they enjoy light-hearted, comedic takes on relationships, identity, and human connections. This movie's similar tone and themes make it a suitable recommendation."
10,"Here are the explanations for each recommended movie:

1. **Rain Man (1988)**: This movie shares a similar theme of a bond between two characters, like ""The Journey of Natty Gann."" It's a drama about an autistic savant and his brother, exploring themes of family, love, and acceptance.

2. **Chinatown (1974)**: As a fan of ""The Rain Man,"" you might enjoy this neo-noir mystery, which also explores themes of family and relationships. The film's complex characters and intricate plot will appeal to fans of ""Chinatown.""

3. **Rear Window (1954)**: This classic thriller shares a similar theme of suspense and mystery, like ""The Rear Window."" The film's tense atmosphere and exploration of voyeurism will appeal to fans of Hitchcock's style.

4. **Cinderella (1950)**: This classic fairy tale shares a similar theme of a young protagonist overcoming adversity, like ""Cinderella."" The film's magical atmosphere and memorable characters will appeal to fans of Disney's style.

5. **The Sound of Music (1965)**: This musical shares a similar theme of a young protagonist finding love and acceptance, like ""The Sound of Music."" The film's uplifting atmosphere and memorable songs will appeal to fans of Rodgers and Hammerstein's style.

6. **Peter Pan (1953)**: This classic Disney film shares a similar theme of a young protagonist exploring the world, like ""Peter Pan."" The film's magical atmosphere and memorable characters will appeal to fans of Disney's style.

7. **Dr. Strangelove or: How I Learned to Stop Worrying and Love the Bomb (1963)**: This black comedy shares a similar theme of satire and social commentary, like ""Dr. Strangelove."" The film's dark humor and exploration of war and politics will appeal to fans of Kubrick's style.

8. **Being There (1979)**: This drama shares a similar theme of a character finding acceptance and belonging, like ""Being There."" The film's exploration of themes of loneliness and connection will appeal to fans of human relationships.

9. **The Journey of Natty Gann (1985)**: This movie shares a similar theme of a young protagonist exploring the world, like ""The Journey of Natty Gann."" The film's adventurous atmosphere and exploration of family and love will appeal to fans of this film.

10. **Ghostbusters II (1989)**: This supernatural comedy shares a similar theme of a group of characters overcoming adversity, like ""Ghostbusters II."" The film's lighthearted atmosphere and exploration of themes of friendship and teamwork will appeal to fans of this franchise."
11,"Here are the explanations for each recommended movie:

1. **Caddyshack (1980)**: This classic comedy shares a similar tone and humor with the user's preferences, particularly in its raunchy and absurd humor, as seen in movies like 'Nutty Professor' and 'Happy Gilmore'.

2. **True Lies (1994)**: As a user who enjoys the comedic style of 'Dumb & Dumber' and 'Happy Gilmore', they might appreciate the action-comedy elements and witty banter in 'True Lies', which also features a strong comedic lead.

3. **Meatballs (1979)**: This coming-of-age comedy, like 'Fast Times at Ridgemont High', explores themes of adolescence, friendship, and self-discovery, making it a suitable recommendation for users who enjoy relatable and humorous portrayals of growing up.

4. **Fast Times at Ridgemont High (1982)**: This classic teen comedy shares similarities with 'Animal House' in its portrayal of high school life, friendships, and coming-of-age struggles, making it a suitable recommendation for users who enjoy relatable and humorous portrayals of adolescence.

5. **Animal House (1978)**: This raunchy and absurd comedy, like 'Nutty Professor' and 'Happy Gilmore', explores themes of friendship, rebellion, and self-discovery, making it a suitable recommendation for users who enjoy outrageous and humorous portrayals of college life.

6. **PCU (1994)**: This offbeat comedy, like 'Dumb & Dumber' and 'Happy Gilmore', explores themes of social hierarchy, friendship, and self-discovery, making it a suitable recommendation for users who enjoy quirky and humorous portrayals of college life.

7. **Billy Madison (1995)**: This goofy comedy, like 'Nutty Professor' and 'Happy Gilmore', explores themes of self-discovery, friendship, and personal growth, making it a suitable recommendation for users who enjoy absurd and humorous portrayals of coming-of-age struggles.

8. **Tommy Boy (1995)**: This coming-of-age comedy, like 'Billy Madison', explores themes of self-discovery, friendship, and personal growth, making it a suitable recommendation for users who enjoy relatable and humorous portrayals of growing up.

9. **Dumb & Dumber (1994)**: This absurd comedy, like 'Happy Gilmore' and 'Billy Madison', explores themes of friendship, loyalty, and personal growth, making it a suitable recommendation for users who enjoy outrageous and humorous portrayals of friendship and adventure.

10. **Happy Gilmore (1996)**: This sports comedy, like 'Dumb & Dumber' and 'Billy Madison', explores themes of friendship, loyalty, and personal growth, making it a suitable recommendation for users who enjoy absurd and humorous portrayals of sports and adventure."
